model_name,split,rmse,mae,r2,rank_ic
pto_ridge_markowitz,valid,0.06337914327215655,0.053401198238134384,-0.6167765855789185,-0.09523809523809523
pyepo_spo_plus_linear,valid,1.420926626653368,1.0903244018554688,-811.6444091796875,-0.20476190476190473
pto_ridge_markowitz,test,0.05470629777726465,0.04068303480744362,-0.4967421293258667,-0.004081632653061232
pyepo_spo_plus_linear,test,1.6038695303777808,1.2697412967681885,-1285.5018310546875,-0.004081632653061224
