model_name,split,rmse,mae,r2,rank_ic
pto_ridge_markowitz,valid,0.04515320622026112,0.03896280750632286,0.17939454317092896,0.33809523809523806
pyepo_spo_plus_linear,valid,0.8624836616074326,0.6759406328201294,-298.4049377441406,0.5523809523809524
pto_ridge_markowitz,test,0.04999353564465973,0.03838265687227249,-0.24997079372406006,0.12653061224489798
pyepo_spo_plus_linear,test,1.3048611827988148,0.9984914064407349,-850.5316772460938,-0.016326530612244882
